order_number,order_amount,country,date,items
6195,87.36,Denmark,4/26/2022,28
1559,79.0,Canada,4/11/2022,35
2029,27.0,United States,6/24/2022,27
5398,30.63,Canada,12/8/2022,4
2061,21.84,Canada,3/27/2022,34
2377,38.09,Canada,2/24/2022,3
4257,56.63,United States,4/30/2022,16
4518,85.65,United States,5/6/2022,7
4489,89.11,United States,4/30/2022,17
1205,42.11,United States,10/3/2022,26
3729,82.75,Denmark,7/23/2022,6
1143,60.46,Denmark,4/30/2022,38
6424,69.4,Canada,7/15/2022,10
1191,7.12,United States,4/10/2022,31
5206,19.04,United States,11/29/2022,28
6507,34.63,United States,7/17/2022,34
7953,99.88,Canada,7/26/2022,5
4221,45.49,United States,3/22/2022,20
4554,91.84,United States,7/7/2022,7
4998,55.01,United States,9/6/2022,10
5566,69.74,Canada,3/6/2022,14
2900,90.96,United States,7/28/2022,25
3148,51.0,Denmark,6/27/2022,35
3190,65.29,United States,5/2/2022,3
6662,55.8,Canada,11/7/2022,32
7565,90.13,United States,6/20/2022,28
3089,22.22,Germany,10/21/2022,19
5912,52.87,United States,11/10/2022,35
2721,78.75,Canada,3/6/2022,32
3282,88.6,United States,6/26/2022,2
1105,56.56,United States,6/11/2022,40
2062,35.93,Japan,1/14/2022,2
1929,2.91,Germany,10/30/2022,7
7652,47.79,United States,5/25/2022,22
2040,67.51,Canada,1/18/2022,8
4253,91.51,Denmark,6/2/2022,25
6301,40.42,United States,11/6/2022,18
7854,14.96,Germany,1/25/2022,26
7254,87.9,United States,7/12/2022,36
5912,23.0,United States,2/25/2022,15
3440,78.49,Canada,10/15/2022,5
1834,3.82,Denmark,3/21/2022,9
7872,23.9,Canada,8/22/2022,5
2578,58.25,Denmark,5/22/2022,15
3270,88.27,United States,8/13/2022,13
7024,18.14,United States,8/4/2022,9
6609,78.31,United States,7/16/2022,24
1557,67.98,Denmark,9/1/2022,7
6573,52.77,United States,11/6/2022,32
6637,35.01,Canada,9/12/2022,9
5828,98.9,Germany,3/3/2022,14
2008,13.27,United States,6/8/2022,40
1682,89.48,Denmark,9/7/2022,36
3211,66.57,United States,1/16/2022,15
6871,55.18,Canada,6/3/2022,4
4576,71.32,United States,7/3/2022,2
7694,46.22,Canada,9/27/2022,5
7938,49.05,Canada,2/25/2022,37
4632,35.63,Canada,4/14/2022,13
1895,40.35,United States,4/25/2022,5
3243,41.2,United States,1/13/2022,29
3645,72.58,United States,3/14/2022,12
2240,83.37,Japan,10/22/2022,24
5486,83.23,United States,10/24/2022,7
5906,17.96,United States,8/26/2022,40
6792,40.02,United States,2/18/2022,29
7044,63.78,Canada,11/28/2022,30
6195,22.83,Canada,6/16/2022,31
5902,48.44,Canada,2/23/2022,13
3870,53.65,United States,10/29/2022,22
6443,63.54,United States,12/29/2022,30
1339,5.23,Japan,2/25/2022,10
2562,58.19,United States,4/14/2022,10
7726,59.45,Japan,11/28/2022,15
3213,85.75,Canada,4/11/2022,32
6858,60.92,United States,5/23/2022,12
4625,80.13,Denmark,8/12/2022,35
1181,34.17,Canada,5/6/2022,28
2994,63.29,Canada,1/14/2022,13
6185,27.84,Canada,2/6/2022,35
1628,4.4,Japan,10/1/2022,39
6127,32.32,United States,7/14/2022,7
4604,95.11,United States,10/28/2022,40
4507,81.11,Canada,8/29/2022,30
7451,94.75,Japan,1/31/2022,33
1410,7.02,United States,4/26/2022,34
3647,3.47,Germany,10/6/2022,12
4997,15.57,Canada,4/24/2022,24
5149,20.8,United States,5/21/2022,6
3296,63.39,United States,1/23/2022,32
2425,89.38,Denmark,6/5/2022,15
7991,67.3,United States,4/8/2022,30
6161,53.41,Canada,11/29/2022,32
7303,60.6,United States,6/29/2022,16
6736,68.69,United States,4/14/2022,7
7387,15.54,Japan,10/25/2022,38
4702,89.33,Canada,11/18/2022,6
6057,45.14,United States,2/26/2022,20
4042,70.98,Japan,12/10/2022,30
5889,7.6,United States,2/1/2022,28
3411,67.15,Denmark,9/22/2022,6
3164,23.16,United States,2/22/2022,33
7792,13.78,Canada,7/23/2022,19
2182,51.0,Canada,9/18/2022,31
3586,15.24,United States,10/17/2022,27
1073,6.72,United States,12/10/2022,36
2715,49.54,Denmark,3/29/2022,16
2621,32.17,Denmark,7/22/2022,1
1780,56.09,Denmark,10/8/2022,30
2417,47.06,United States,7/13/2022,1
6968,89.24,Canada,5/17/2022,14
2713,8.93,United States,9/25/2022,9
6692,79.81,Denmark,2/25/2022,39
6666,14.71,Japan,12/26/2022,28
4862,14.16,Denmark,8/6/2022,19
6214,80.53,Canada,3/9/2022,21
3230,82.51,United States,2/11/2022,25
1668,84.14,Germany,11/3/2022,21
5407,52.3,Canada,5/20/2022,12
4874,30.79,Canada,9/2/2022,29
7076,1.67,United States,1/22/2022,30
3316,9.36,Canada,7/13/2022,22
1966,85.61,Germany,10/17/2022,10
5523,72.72,Germany,4/17/2022,27
5411,98.24,Canada,12/23/2022,1
2988,56.84,United States,5/29/2022,14
4743,24.07,Japan,5/19/2022,39
5047,1.29,United States,2/17/2022,14
5362,33.83,Denmark,3/9/2022,13
2159,7.06,Japan,1/24/2022,5
4627,41.36,Canada,5/3/2022,39
7586,42.49,United States,12/8/2022,28
2804,28.51,United States,10/7/2022,13
5189,69.52,Canada,3/27/2022,10
5359,9.96,Canada,7/1/2022,18
5098,93.87,Canada,6/20/2022,11
5184,43.11,Canada,4/18/2022,40
3733,3.89,Japan,1/15/2022,36
1904,79.67,Japan,5/6/2022,5
6294,82.18,Canada,9/25/2022,4
1568,69.35,Denmark,9/7/2022,3
6385,52.59,Canada,4/18/2022,22
1474,99.59,Denmark,7/11/2022,35
4206,88.24,Canada,10/2/2022,16
5291,74.45,Canada,5/11/2022,28
6517,20.11,Canada,8/11/2022,3
3071,26.68,United States,8/10/2022,27
2684,12.87,Canada,8/17/2022,30
6298,91.78,United States,8/10/2022,11
4033,83.25,Germany,9/3/2022,36
6715,67.43,United States,7/4/2022,15
5489,15.33,Canada,1/18/2022,29
4184,62.34,Japan,3/3/2022,17
6030,32.56,United States,10/6/2022,9
3992,50.19,Germany,7/15/2022,31
4428,25.6,Canada,8/27/2022,12
3835,15.78,Canada,11/4/2022,19
3666,17.42,Canada,11/2/2022,8
2090,80.83,Japan,6/4/2022,39
3275,94.27,Canada,4/14/2022,20
4663,44.08,United States,5/29/2022,40
4683,99.16,United States,11/11/2022,30
1894,70.99,Canada,11/24/2022,11
5259,41.48,Japan,4/18/2022,40
3535,67.82,Japan,8/27/2022,38
4220,67.12,United States,12/3/2022,16
3896,90.56,Canada,3/5/2022,38
3677,97.27,United States,4/6/2022,4
2131,36.33,Canada,10/31/2022,21
2771,45.83,Canada,6/12/2022,20
1010,41.8,Denmark,10/6/2022,31
7807,54.52,United States,4/29/2022,17
6816,35.71,Germany,8/20/2022,13
5066,61.92,Germany,1/15/2022,22
7170,79.75,Canada,9/14/2022,11
4188,74.54,Denmark,11/25/2022,14
4863,10.0,United States,3/30/2022,10
6700,49.24,Japan,9/24/2022,32
3477,26.15,United States,7/7/2022,21
5263,46.06,Germany,10/9/2022,16
4477,97.0,United States,7/16/2022,38
2242,7.17,United States,4/2/2022,24
4956,90.76,United States,1/23/2022,32
3803,31.38,Japan,8/15/2022,27
4578,23.29,Denmark,1/20/2022,9
4136,79.15,United States,6/13/2022,29
3792,83.34,Denmark,11/25/2022,20
6320,29.16,Denmark,2/16/2022,17
1879,4.48,United States,6/4/2022,10
7963,59.79,Germany,9/7/2022,10
4020,33.35,Canada,3/22/2022,8
6073,96.7,Canada,10/13/2022,30
3713,3.79,Japan,6/6/2022,30
6789,43.56,Denmark,11/20/2022,25
6977,39.38,Canada,4/23/2022,14
4951,10.24,United States,3/18/2022,26
4825,86.67,Japan,12/20/2022,36
5163,69.23,Japan,4/1/2022,40
7653,7.43,United States,4/10/2022,21
2553,73.07,Germany,1/25/2022,33
1483,31.2,United States,5/23/2022,18
3938,68.73,United States,10/11/2022,40
3467,46.43,United States,8/23/2022,24
4798,68.74,Canada,2/14/2022,39
3532,6.82,Canada,8/28/2022,33
1593,48.48,Germany,7/21/2022,7
6394,37.19,United States,3/25/2022,36
3070,99.02,Germany,11/8/2022,11
7890,70.9,Japan,6/23/2022,36
6027,47.11,Canada,8/23/2022,39
1783,9.8,United States,11/25/2022,40
1577,90.55,Canada,1/25/2022,9
4345,86.65,Japan,9/25/2022,12
7143,66.08,United States,12/29/2022,14
7853,80.42,Germany,8/26/2022,36
7621,54.1,United States,4/28/2022,15
6143,79.46,Japan,10/7/2022,16
1948,65.53,Germany,9/10/2022,27
3842,69.84,Japan,2/5/2022,13
4842,28.33,Canada,8/2/2022,18
1569,36.84,Canada,1/16/2022,30
4193,45.75,United States,2/13/2022,32
5431,25.2,Japan,1/25/2022,40
1581,54.45,United States,5/18/2022,16
4042,73.65,Canada,3/29/2022,40
7812,98.36,United States,9/16/2022,17
2897,39.53,Canada,1/8/2022,15
3447,97.27,United States,9/18/2022,5
2977,6.57,United States,1/5/2022,18
6676,14.19,United States,7/10/2022,37
5428,10.71,Canada,11/9/2022,38
3869,86.46,Canada,12/15/2022,29
4715,33.62,Germany,8/27/2022,16
1920,74.6,Canada,4/16/2022,24
3834,97.53,Denmark,5/14/2022,35
3974,25.55,Germany,12/7/2022,16
2527,40.45,Canada,10/2/2022,26
3347,95.87,Japan,6/2/2022,37
2338,42.69,Canada,4/7/2022,20
3562,14.95,Canada,8/7/2022,26
1447,60.78,United States,10/22/2022,16
4311,61.47,United States,7/16/2022,15
1353,62.7,Japan,3/10/2022,30
6127,10.19,Canada,8/15/2022,10
1805,45.31,United States,10/27/2022,30
7007,78.82,United States,3/10/2022,9
3569,57.61,United States,8/27/2022,31
1598,71.14,United States,1/29/2022,5
6693,76.14,Germany,2/8/2022,13
7190,87.46,Canada,3/19/2022,3
3751,75.25,United States,10/12/2022,1
5198,76.82,Canada,1/22/2022,4
4598,62.04,Canada,1/19/2022,21
7259,54.78,United States,3/15/2022,10
3080,76.91,Canada,8/9/2022,20
1945,76.71,Denmark,5/31/2022,27
6162,15.33,Canada,12/18/2022,13
5868,25.25,United States,4/24/2022,31
5861,25.8,United States,9/28/2022,5
7399,97.82,Canada,2/28/2022,29
6514,62.88,Canada,4/2/2022,18
1077,21.77,United States,2/25/2022,30
3032,2.72,Germany,1/15/2022,20
2869,60.16,Denmark,5/26/2022,30
7998,15.83,Canada,1/24/2022,31
1419,24.4,Denmark,8/15/2022,6
6922,56.98,Denmark,5/26/2022,36
7818,39.66,Canada,9/7/2022,4
1622,70.24,Canada,8/2/2022,13
6284,17.12,United States,9/22/2022,31
4925,38.47,Germany,3/10/2022,30
3586,50.82,United States,7/1/2022,22
1025,85.07,United States,9/15/2022,30
3288,45.17,Canada,7/31/2022,37
1765,40.91,United States,3/3/2022,6
1902,91.52,United States,12/2/2022,29
6653,49.43,Japan,3/6/2022,27
7958,62.63,Canada,3/6/2022,31
6440,65.16,Canada,1/16/2022,20
5256,40.47,Japan,2/17/2022,34
4144,84.14,United States,7/18/2022,17
4694,81.42,United States,7/22/2022,32
5742,20.99,Canada,11/5/2022,35
5247,54.41,United States,4/19/2022,15
5506,40.7,Canada,2/16/2022,15
4490,59.96,United States,1/14/2022,9
1665,49.51,United States,8/29/2022,5
4416,39.97,United States,11/14/2022,19
7348,55.81,Canada,4/30/2022,18
1243,64.03,Canada,9/14/2022,26
6951,20.79,Germany,7/23/2022,3
2938,89.73,United States,1/1/2022,25
4284,19.1,Canada,1/21/2022,40
2201,32.22,Canada,7/30/2022,1
6321,81.61,Denmark,2/8/2022,28
7114,3.29,Canada,6/10/2022,20
4556,90.38,United States,11/2/2022,1
6673,80.76,United States,1/27/2022,9
1002,75.49,Canada,5/2/2022,28
1777,26.26,United States,1/29/2022,3
3144,15.86,United States,8/25/2022,25
3330,79.72,Germany,9/30/2022,11
3417,83.8,Japan,2/8/2022,31
3654,76.27,Germany,5/30/2022,4
3852,53.77,Canada,1/20/2022,35
2921,32.31,Canada,10/26/2022,37
6830,99.78,Canada,7/24/2022,29
3199,7.19,United States,10/22/2022,31
3164,41.99,United States,5/19/2022,9
4250,81.73,United States,12/13/2022,28
3451,42.17,Denmark,11/24/2022,8
5545,75.95,United States,8/11/2022,37
6988,60.84,Denmark,10/26/2022,36
1617,41.35,United States,4/28/2022,15
2447,45.74,United States,12/11/2022,13
7794,91.95,United States,5/22/2022,34
7234,25.84,Germany,9/23/2022,16
3583,89.53,Denmark,2/10/2022,24
1877,24.51,United States,3/23/2022,14
4653,87.21,Japan,1/26/2022,8
6996,21.86,Canada,11/16/2022,10
4211,53.42,United States,2/15/2022,1
6573,34.7,Canada,9/19/2022,5
7564,28.38,United States,3/29/2022,4
7701,77.84,United States,10/31/2022,9
5233,62.34,Canada,5/18/2022,24
3226,80.16,United States,10/6/2022,7
4252,94.62,Denmark,2/27/2022,28
4549,92.99,Canada,5/29/2022,40
2739,30.12,United States,5/29/2022,25
2652,26.02,United States,9/11/2022,20
2478,40.72,United States,9/25/2022,29
6552,25.09,Canada,10/8/2022,26
4545,5.79,Canada,6/29/2022,29
1447,62.9,Canada,4/22/2022,27
6166,16.87,Germany,8/26/2022,7
2929,66.56,Denmark,4/21/2022,19
1834,69.33,United States,7/4/2022,27
6041,75.28,Denmark,10/28/2022,14
6454,53.7,United States,4/29/2022,31
1066,18.63,Canada,9/1/2022,33
7848,95.84,Japan,9/20/2022,33
4464,26.9,Canada,1/9/2022,24
5446,34.74,Canada,1/31/2022,19
5536,38.01,United States,10/31/2022,39
7805,23.46,Canada,7/10/2022,32
1606,38.09,United States,3/17/2022,8
4542,36.13,United States,8/10/2022,18
5771,94.88,Canada,11/9/2022,34
3684,6.4,Canada,1/15/2022,39
1437,10.57,Canada,3/22/2022,13
2742,73.81,Canada,4/3/2022,9
2150,16.19,United States,3/11/2022,3
6080,72.3,Japan,2/6/2022,2
3592,73.46,United States,6/14/2022,25
6601,29.92,United States,2/8/2022,13
6134,80.62,United States,4/20/2022,15
5807,4.1,Japan,9/1/2022,12
6649,55.43,United States,10/8/2022,28
7027,89.09,Japan,8/1/2022,19
7569,16.43,Canada,11/25/2022,17
3729,14.06,United States,6/7/2022,36
6170,66.47,Japan,10/28/2022,33
4762,6.33,United States,2/23/2022,40
6560,21.13,Canada,11/11/2022,25
1789,10.07,Canada,5/19/2022,5
4592,2.96,United States,12/25/2022,30
5513,5.65,United States,3/9/2022,2
3462,54.41,Germany,7/15/2022,40
6482,67.81,Canada,10/22/2022,31
2514,51.06,Denmark,12/6/2022,12
7450,82.33,Canada,9/25/2022,40
2814,60.54,United States,12/24/2022,16
2470,19.18,Japan,7/16/2022,39
3580,51.82,Denmark,8/8/2022,2
7483,35.65,Denmark,7/21/2022,37
4711,48.54,Canada,9/3/2022,13
1654,49.17,United States,7/13/2022,6
6742,7.18,Canada,8/16/2022,33
6284,61.26,United States,12/17/2022,30
7376,43.82,United States,3/3/2022,32
5259,71.88,United States,2/13/2022,27
5512,9.22,Canada,10/13/2022,5
3684,64.18,United States,10/14/2022,39
4645,64.51,Japan,5/4/2022,40
4918,13.34,United States,8/19/2022,34
7203,10.51,United States,10/13/2022,26
4653,12.01,Japan,5/22/2022,14
4371,9.85,Canada,9/19/2022,37
7153,27.59,United States,9/13/2022,8
4290,3.99,United States,8/29/2022,19
1850,68.36,United States,1/31/2022,12
3632,43.84,Denmark,1/11/2022,9
5361,5.11,United States,1/16/2022,19
4128,61.18,United States,9/28/2022,27
7997,79.96,United States,8/15/2022,5
1035,25.31,Germany,2/19/2022,37
1888,19.61,Japan,5/11/2022,15
3763,40.54,United States,5/20/2022,6
7694,47.84,United States,2/23/2022,7
3922,87.59,Canada,4/13/2022,10
6009,4.56,Canada,10/24/2022,31
7681,62.2,Canada,5/6/2022,5
2325,49.51,Japan,8/15/2022,1
2063,71.8,United States,9/16/2022,38
1031,20.9,United States,8/13/2022,11
7388,21.24,Canada,2/17/2022,22
7633,18.99,Japan,8/3/2022,30
2684,53.31,United States,10/4/2022,32
3217,61.24,Canada,10/23/2022,39
4940,43.82,Canada,7/26/2022,39
5040,43.43,Japan,10/30/2022,1
2445,48.04,Japan,7/3/2022,22
4585,48.54,United States,7/31/2022,24
5218,22.12,United States,4/14/2022,28
3169,3.01,Canada,12/20/2022,34
5903,91.66,Japan,7/23/2022,16
1706,16.79,Canada,9/1/2022,17
2304,63.57,Canada,11/11/2022,38
2950,2.84,Germany,7/12/2022,18
4504,6.41,Japan,7/25/2022,31
2643,3.41,United States,11/14/2022,15
5026,82.22,Canada,7/6/2022,22
7105,56.2,Canada,12/20/2022,16
6430,23.83,Japan,6/12/2022,1
6806,12.65,Canada,11/9/2022,23
3120,1.3,Canada,1/12/2022,31
5051,13.47,Canada,7/27/2022,17
1897,35.22,Canada,7/11/2022,16
1712,89.72,United States,5/15/2022,19
5065,5.07,United States,8/22/2022,29
3158,88.51,Canada,2/19/2022,9
4617,29.63,Canada,2/13/2022,20
2208,35.72,Germany,5/16/2022,9
5972,74.54,Canada,4/18/2022,21
1635,93.31,Germany,12/9/2022,22
1056,87.79,Canada,12/18/2022,20
5001,31.73,United States,10/11/2022,10
3951,37.85,Germany,9/25/2022,9
7193,99.08,Denmark,8/21/2022,20
3808,43.98,Japan,5/5/2022,24
7129,55.09,United States,1/14/2022,12
6600,93.74,Denmark,12/29/2022,15
5187,41.67,Denmark,12/5/2022,3
7313,56.33,Canada,11/21/2022,8
2909,97.3,Canada,5/16/2022,9
7489,41.63,Japan,8/23/2022,22
5315,75.7,Germany,5/31/2022,18
3298,35.12,United States,11/21/2022,15
5773,76.33,Canada,10/1/2022,5
5941,64.76,United States,10/5/2022,35
2538,27.81,Canada,3/11/2022,34
6962,37.38,Canada,1/27/2022,38
6379,29.76,Canada,12/28/2022,4
2211,43.42,Denmark,8/2/2022,32
1572,91.45,Denmark,2/7/2022,9
2548,15.84,Canada,11/20/2022,28
6226,66.28,Canada,9/23/2022,20
3775,87.36,United States,5/1/2022,18
1887,19.4,Canada,3/9/2022,5
1736,25.79,Canada,9/12/2022,3
3310,61.11,Canada,11/3/2022,3
4579,99.94,Canada,7/26/2022,24
6173,61.71,United States,12/26/2022,17
1825,48.94,Canada,12/22/2022,10
6720,56.8,Canada,3/14/2022,6
3175,92.33,Canada,8/6/2022,37
6557,19.1,United States,2/23/2022,32
2057,67.46,United States,6/13/2022,30
1426,13.41,Canada,3/2/2022,5
4754,60.48,Canada,6/15/2022,21
5473,72.97,United States,10/27/2022,26
5288,42.94,United States,2/1/2022,37
4596,22.49,Denmark,3/5/2022,37
1722,17.19,Canada,2/18/2022,15
5429,18.37,United States,1/26/2022,24
3688,54.08,Canada,2/10/2022,9
5977,17.03,Germany,7/15/2022,13
3464,16.61,United States,7/6/2022,11
5339,97.78,Canada,6/8/2022,10
2502,8.44,Canada,11/30/2022,36
2856,4.03,Denmark,7/7/2022,8
3265,92.23,Japan,6/19/2022,14
5815,29.5,Canada,5/24/2022,20
5927,24.18,United States,5/3/2022,1
5864,70.16,Canada,8/21/2022,9
3563,8.14,United States,1/21/2022,30
5380,79.2,United States,7/12/2022,18
6964,2.56,Canada,3/5/2022,33
1341,18.59,Germany,7/5/2022,21
3606,71.21,Canada,2/25/2022,39
6872,32.64,Canada,11/11/2022,20
6947,97.42,United States,7/19/2022,17
6131,45.08,Canada,11/28/2022,6
6408,49.32,United States,8/5/2022,2
6569,21.0,Denmark,6/26/2022,12
1575,80.74,Canada,4/7/2022,27
2644,84.99,Canada,9/23/2022,2
7520,62.64,Japan,6/12/2022,10
5486,43.49,Germany,8/7/2022,38
3117,54.12,Canada,2/7/2022,3
1874,94.76,United States,3/19/2022,16
3684,22.13,Canada,1/11/2022,24
5774,1.78,Canada,1/24/2022,4
4566,1.36,United States,7/12/2022,37
7811,12.69,Denmark,7/22/2022,32
6742,59.98,Canada,2/17/2022,15
2275,80.61,Canada,3/25/2022,39
2185,64.33,United States,12/19/2022,5
6354,50.43,Canada,4/7/2022,20
7178,79.34,United States,8/18/2022,7
3267,87.49,Japan,7/17/2022,1
6598,15.41,Canada,3/12/2022,26
5125,24.34,United States,1/13/2022,12
5827,77.76,Denmark,7/29/2022,7
3922,74.21,Germany,9/10/2022,14
1057,1.14,Germany,3/12/2022,25
6183,88.82,United States,11/13/2022,38
2858,38.29,United States,8/21/2022,17
5216,88.54,United States,12/5/2022,23
7906,53.56,Denmark,2/1/2022,26
7111,97.58,United States,8/30/2022,25
5977,20.88,Canada,5/24/2022,11
2689,63.84,Japan,8/27/2022,11
6194,31.09,United States,1/26/2022,9
3674,6.72,Canada,3/29/2022,2
1597,36.51,United States,10/19/2022,24
2351,47.89,Canada,1/2/2022,12
5188,42.64,United States,11/4/2022,38
3425,98.87,Japan,3/30/2022,9
3087,83.99,United States,11/5/2022,8
2378,97.06,Canada,1/18/2022,4
6461,3.78,United States,5/23/2022,33
2653,32.44,United States,4/30/2022,17
4565,92.82,United States,6/4/2022,23
3207,82.9,United States,3/20/2022,14
1683,48.6,United States,5/21/2022,3
4605,47.35,Canada,10/30/2022,8
3319,72.4,Canada,3/12/2022,26
2832,74.4,Canada,10/4/2022,10
1009,12.41,United States,9/21/2022,34
7153,85.64,Denmark,12/16/2022,16
7198,81.64,Japan,1/17/2022,3
4219,45.86,Canada,2/3/2022,26
6305,44.89,Canada,9/26/2022,17
2894,98.27,United States,4/5/2022,16
6052,58.35,United States,2/23/2022,21
3803,17.61,United States,12/16/2022,14
5568,26.43,United States,9/18/2022,26
4941,60.84,Germany,7/8/2022,1
2039,81.32,United States,4/2/2022,30
1235,9.19,Germany,1/30/2022,31
1801,7.97,United States,9/9/2022,4
5912,4.11,United States,6/8/2022,23
1261,77.18,United States,6/15/2022,36
6700,71.87,Denmark,6/26/2022,21
6196,66.33,United States,5/1/2022,30
2565,75.72,United States,2/25/2022,28
7565,53.72,Canada,12/19/2022,36
4753,62.59,Germany,2/22/2022,8
1764,48.17,Japan,12/24/2022,17
1796,59.09,United States,3/8/2022,39
3149,26.17,Canada,7/11/2022,13
1505,83.02,Japan,1/1/2022,27
5371,61.32,Canada,11/12/2022,40
3993,68.49,Japan,8/26/2022,5
5563,22.45,United States,6/10/2022,23
1979,5.78,Canada,10/13/2022,2
5377,30.16,United States,2/9/2022,13
2859,65.77,Germany,4/12/2022,13
7622,94.14,Japan,9/17/2022,9
2253,81.6,Canada,3/26/2022,12
7989,83.01,Germany,1/15/2022,23
5433,53.74,Japan,7/9/2022,6
3075,27.61,Japan,10/19/2022,11
2519,15.74,Japan,1/9/2022,23
2868,6.94,United States,9/19/2022,40
5417,75.77,Canada,8/31/2022,40
6348,16.61,Canada,10/15/2022,14
3871,85.36,Japan,11/19/2022,31
3398,68.85,Japan,9/5/2022,25
2119,83.28,United States,6/28/2022,28
2023,86.3,Canada,7/24/2022,1
7970,92.87,Japan,11/16/2022,40
4581,98.22,Canada,7/13/2022,2
2652,83.68,Germany,12/16/2022,2
6968,78.42,Canada,4/19/2022,26
2069,13.78,Canada,4/3/2022,22
6645,33.49,United States,10/5/2022,7
4674,99.32,United States,4/13/2022,24
6917,98.54,Japan,5/27/2022,12
6295,11.22,Canada,11/22/2022,39
6641,41.21,United States,4/17/2022,22
3225,3.22,United States,10/30/2022,8
6172,48.4,United States,11/17/2022,20
1801,53.92,Denmark,3/8/2022,15
2722,98.42,Canada,7/24/2022,28
7172,44.95,Germany,1/27/2022,16
2088,47.47,Denmark,11/13/2022,27
6569,27.13,Denmark,2/20/2022,8
2932,31.66,United States,8/5/2022,29
7617,24.21,Canada,9/23/2022,31
4476,18.03,Canada,9/26/2022,22
2483,88.79,Germany,6/30/2022,28
1765,63.4,Germany,6/8/2022,3
4942,70.63,Canada,6/26/2022,7
6993,10.24,Denmark,5/7/2022,30
3965,34.18,Japan,12/8/2022,22
7473,45.2,Canada,6/25/2022,18
4641,69.27,Canada,10/9/2022,2
4159,55.49,Canada,6/6/2022,3
3473,41.51,Germany,12/29/2022,33
1723,54.05,Japan,3/12/2022,35
2744,88.37,Canada,4/9/2022,17
3360,99.38,Canada,4/3/2022,14
7352,84.01,United States,5/8/2022,28
1204,98.64,Canada,9/27/2022,20
7251,68.92,Denmark,5/26/2022,15
4464,96.55,Canada,8/10/2022,35
5566,58.88,Denmark,11/1/2022,5
1390,61.75,Denmark,8/18/2022,3
7175,39.85,Japan,7/15/2022,18
3698,52.66,Germany,2/2/2022,18
3327,66.6,United States,1/23/2022,16
1421,37.02,United States,5/2/2022,5
1075,77.11,Denmark,9/21/2022,40
6476,18.61,Canada,1/29/2022,26
5882,20.89,Canada,6/21/2022,33
6918,19.14,United States,6/23/2022,8
6710,34.59,United States,2/15/2022,40
7828,2.9,Canada,4/18/2022,29
5056,65.44,Denmark,5/16/2022,29
3710,53.71,Canada,2/2/2022,34
5622,50.34,United States,8/16/2022,20
7004,99.39,United States,2/10/2022,2
7399,39.35,Canada,2/19/2022,23
2213,43.49,United States,1/20/2022,17
5630,78.55,Canada,12/6/2022,27
3237,87.56,Canada,5/13/2022,29
6492,52.38,Germany,6/4/2022,16
4228,30.76,Canada,2/27/2022,17
3157,26.5,Canada,1/19/2022,8
1030,13.72,United States,7/20/2022,6
2212,71.21,Canada,6/24/2022,13
6122,6.01,Canada,12/25/2022,39
7837,69.43,United States,3/8/2022,28
7881,99.36,Denmark,5/1/2022,20
7943,63.65,Canada,11/11/2022,1
5623,71.13,Canada,12/20/2022,26
1625,69.85,Japan,2/12/2022,17
5203,87.18,Canada,8/9/2022,10
4626,72.14,Denmark,6/10/2022,7
7716,25.66,Canada,10/13/2022,15
2068,86.52,Canada,4/30/2022,33
3795,36.69,United States,3/20/2022,24
3924,91.39,United States,5/28/2022,17
6395,86.15,Japan,2/20/2022,4
7523,38.01,United States,12/7/2022,18
2815,80.07,Denmark,6/19/2022,32
7551,7.49,Canada,10/21/2022,1
1773,84.48,Canada,12/4/2022,13
1675,5.94,Denmark,9/19/2022,12
2539,61.45,Canada,10/14/2022,4
3271,34.22,United States,12/16/2022,23
7418,39.36,United States,3/7/2022,17
1853,70.87,Japan,10/11/2022,7
5878,4.64,Germany,7/7/2022,33
3018,21.57,United States,10/3/2022,10
6633,59.69,United States,1/16/2022,18
1080,94.46,Denmark,7/6/2022,4
3917,86.05,Japan,11/12/2022,16
6871,26.27,Germany,8/1/2022,30
2418,42.16,United States,4/24/2022,35
6613,17.98,United States,12/6/2022,8
7615,59.8,Japan,10/8/2022,4
3909,4.58,United States,11/5/2022,36
6714,22.75,Germany,8/29/2022,16
2180,76.68,Japan,9/19/2022,1
4067,98.52,Denmark,3/6/2022,5
5903,99.0,United States,7/17/2022,25
5635,25.25,Canada,12/10/2022,21
5169,92.75,United States,9/30/2022,18
2581,89.81,Canada,8/5/2022,5
2064,87.9,Germany,2/1/2022,40
2291,91.15,United States,7/27/2022,22
3425,78.52,Canada,12/22/2022,14
2231,56.41,United States,8/19/2022,21
3993,62.85,United States,11/23/2022,27
2620,6.75,Japan,2/26/2022,33
6146,7.4,United States,12/6/2022,40
2222,56.88,United States,1/13/2022,7
1878,55.47,United States,4/1/2022,12
4246,76.06,Canada,1/3/2022,35
7367,83.13,Germany,4/26/2022,36
2361,34.7,United States,4/20/2022,3
3900,63.98,United States,4/18/2022,13
2460,31.94,Japan,8/27/2022,33
2550,13.01,Canada,2/25/2022,4
5403,73.78,United States,7/31/2022,23
5867,66.4,Canada,8/22/2022,23
4438,10.65,Japan,5/18/2022,14
1024,73.31,Denmark,10/4/2022,6
6038,84.9,United States,4/2/2022,8
2770,78.57,Canada,12/28/2022,24
6615,63.58,Denmark,8/15/2022,15
5594,3.73,Canada,11/9/2022,33
1854,83.29,United States,4/24/2022,27
4088,68.68,Germany,8/3/2022,38
6039,66.2,Canada,2/27/2022,40
3290,74.55,Denmark,11/23/2022,28
1812,23.97,Canada,2/22/2022,29
7818,81.58,United States,9/3/2022,22
1344,71.29,Denmark,1/14/2022,22
5607,22.83,Germany,10/13/2022,36
2534,46.38,Canada,1/1/2022,10
7235,74.9,Japan,2/27/2022,3
1044,4.67,United States,5/5/2022,40
3345,29.63,Germany,2/19/2022,12
2710,92.42,Denmark,12/11/2022,25
7436,38.21,United States,12/21/2022,8
2108,63.27,Canada,12/12/2022,35
2327,3.46,Canada,12/23/2022,3
2790,25.31,Canada,5/10/2022,35
5414,16.64,Denmark,12/14/2022,17
5711,7.76,United States,8/31/2022,9
1731,70.19,United States,8/8/2022,34
1631,44.75,United States,5/25/2022,4
3699,47.31,Germany,1/3/2022,6
4820,57.08,Canada,3/5/2022,20
2935,27.77,Canada,9/27/2022,11
7841,84.75,Canada,10/22/2022,28
5773,85.81,Canada,6/24/2022,28
5360,15.48,Germany,2/26/2022,10
1867,66.9,United States,7/16/2022,4
1880,66.54,Canada,8/23/2022,38
2817,33.72,United States,8/4/2022,29
2185,15.02,United States,11/11/2022,36
5823,42.31,Denmark,1/31/2022,2
5403,72.45,Canada,4/29/2022,18
3423,96.97,Canada,6/30/2022,34
3035,94.33,United States,1/20/2022,11
3203,45.26,Canada,7/29/2022,33
6524,32.14,United States,3/30/2022,1
3038,35.72,Canada,4/1/2022,12
7214,56.36,Germany,1/1/2022,22
1923,59.21,United States,5/5/2022,37
7030,74.25,United States,8/12/2022,23
4800,98.91,United States,6/18/2022,39
6663,64.67,Canada,9/16/2022,36
1853,58.01,United States,6/29/2022,15
4557,76.44,United States,8/28/2022,30
3543,56.14,United States,3/7/2022,2
2608,43.98,Japan,4/26/2022,36
2292,29.05,Japan,11/15/2022,10
7183,71.85,Denmark,6/13/2022,18
3242,94.9,Canada,4/29/2022,23
1816,97.23,Canada,1/25/2022,15
1171,9.88,Germany,11/24/2022,17
6339,14.44,Canada,5/19/2022,26
7361,39.05,United States,2/18/2022,34
3462,84.74,Canada,8/21/2022,13
2101,72.74,Germany,10/6/2022,4
7514,6.14,Denmark,9/6/2022,1
5266,14.88,Germany,4/30/2022,39
1103,46.66,Germany,10/28/2022,20
6499,33.76,Germany,5/22/2022,35
7822,7.46,Japan,7/17/2022,12
3584,97.6,Canada,10/14/2022,40
6734,43.16,Canada,11/21/2022,38
2099,61.41,Canada,11/27/2022,9
7208,55.57,United States,6/27/2022,14
5327,41.39,United States,8/30/2022,7
2076,2.02,Canada,2/15/2022,2
5295,14.88,Canada,9/8/2022,22
3344,25.08,Canada,6/12/2022,9
4461,37.95,Canada,9/10/2022,17
5482,23.37,Germany,6/11/2022,6
1923,5.71,United States,2/3/2022,6
5492,34.04,Canada,7/30/2022,38
5954,71.47,Canada,1/6/2022,13
6970,52.64,Canada,2/25/2022,23
6018,51.07,Denmark,9/26/2022,20
4109,18.48,Japan,2/2/2022,3
3783,47.91,Denmark,12/23/2022,28
3886,95.61,Canada,2/14/2022,5
7256,39.08,Canada,10/31/2022,27
1608,3.41,Denmark,7/20/2022,35
2091,8.91,Japan,3/10/2022,40
2019,23.74,Canada,1/26/2022,28
4355,10.55,Japan,5/30/2022,34
5294,18.64,Denmark,10/14/2022,2
2474,71.66,Denmark,11/3/2022,7
5994,46.45,Japan,10/5/2022,9
1478,44.52,United States,8/25/2022,6
7646,62.06,United States,10/23/2022,11
5295,11.71,United States,8/31/2022,11
5885,77.0,Canada,11/14/2022,10
3330,72.36,Japan,2/2/2022,10
7783,55.93,Canada,6/4/2022,13
6983,20.5,Canada,9/6/2022,3
3325,77.11,United States,7/3/2022,17
5733,53.62,Canada,5/21/2022,16
6737,17.11,Germany,4/24/2022,33
4291,7.43,United States,10/10/2022,1
6457,4.58,Germany,8/28/2022,8
1276,11.51,Canada,9/12/2022,14
3563,2.8,Germany,12/28/2022,38
7427,11.64,Japan,1/16/2022,11
1289,30.66,Japan,2/7/2022,3
1480,47.32,Japan,8/19/2022,40
2525,10.03,Canada,3/11/2022,32
1303,27.57,United States,8/16/2022,27
7714,23.67,Germany,3/19/2022,23
4148,48.83,Denmark,11/27/2022,1
2340,11.91,Japan,7/2/2022,27
4683,89.44,United States,9/23/2022,39
5307,14.1,Germany,5/27/2022,40
3373,18.05,Canada,5/29/2022,34
2167,45.5,Canada,11/3/2022,18
3898,63.77,Japan,11/22/2022,10
4145,25.31,Germany,6/15/2022,6
7793,35.92,United States,11/17/2022,14
5955,25.89,Japan,10/14/2022,26
2306,62.8,Denmark,4/9/2022,6
4843,27.32,Japan,8/6/2022,22
2656,58.84,United States,7/18/2022,39
1838,56.02,Germany,12/26/2022,32
6663,78.57,Canada,5/12/2022,38
2910,24.32,Denmark,6/4/2022,40
3695,33.82,Germany,3/15/2022,27
2434,75.7,United States,11/8/2022,21
1288,48.52,Germany,11/4/2022,25
4277,31.0,Japan,8/18/2022,9
2613,85.53,Canada,12/3/2022,16
7736,59.18,United States,5/23/2022,12
7389,40.46,Japan,9/4/2022,10
5715,35.87,Denmark,3/20/2022,3
1667,7.01,Canada,9/27/2022,40
1323,4.41,Canada,10/15/2022,25
5997,73.59,United States,9/23/2022,9
7690,11.97,Denmark,1/24/2022,17
3923,40.46,United States,1/13/2022,21
7867,32.05,United States,10/3/2022,15
2353,28.04,Denmark,12/19/2022,5
4207,76.36,United States,7/20/2022,15
4905,72.78,Germany,8/10/2022,10
5368,71.34,Japan,7/31/2022,35
6336,18.93,Japan,12/19/2022,18
2583,3.95,United States,10/17/2022,27
5503,4.41,Canada,12/14/2022,10
5972,93.56,Canada,4/17/2022,4
4909,53.33,Denmark,12/21/2022,28
1855,66.61,United States,9/28/2022,1
4295,34.56,Canada,10/5/2022,17
6142,45.61,Canada,5/13/2022,30
2518,44.55,Canada,11/5/2022,2
6224,82.3,Japan,8/30/2022,22
6806,31.94,United States,4/18/2022,12
5884,80.96,United States,3/29/2022,1
2803,33.27,United States,6/9/2022,36
5247,60.53,United States,8/26/2022,21
3512,73.79,Canada,11/12/2022,3
7228,94.52,United States,9/5/2022,5
6274,6.79,United States,7/4/2022,25
1691,65.01,Canada,6/23/2022,13
3205,73.72,Canada,7/22/2022,8
4490,99.62,United States,9/12/2022,11
1318,87.81,Canada,1/11/2022,8
3273,36.97,Germany,12/23/2022,37
7239,91.69,Germany,6/29/2022,26
5262,43.79,United States,2/17/2022,30
4696,20.97,Denmark,1/24/2022,6
4134,67.51,United States,6/25/2022,11
5633,68.48,Canada,6/17/2022,8
4798,99.71,Canada,9/19/2022,30
7918,45.14,Japan,7/19/2022,25
4897,81.75,Japan,1/21/2022,20
4396,33.48,Canada,1/15/2022,10
4597,18.54,Canada,9/1/2022,21
1679,52.25,United States,8/11/2022,10
3737,59.91,Canada,6/16/2022,34
5070,53.56,Germany,8/17/2022,40
6423,3.68,United States,11/12/2022,23
6901,40.42,Denmark,11/22/2022,39
3491,97.44,United States,11/23/2022,15
5613,96.11,Canada,3/13/2022,34
4126,30.1,Germany,11/12/2022,24
6269,35.57,Germany,9/11/2022,13
5690,41.05,Japan,1/28/2022,33
7383,89.68,Denmark,3/10/2022,26
1059,88.65,Denmark,6/2/2022,36
2932,64.27,United States,10/27/2022,14
2539,88.52,Japan,8/11/2022,38
1128,51.69,United States,3/18/2022,22
4266,22.4,United States,12/13/2022,23
4391,1.26,United States,12/18/2022,23
5521,62.63,United States,11/12/2022,22
2877,52.97,Germany,10/11/2022,39
3317,44.42,United States,2/16/2022,10
6760,80.37,Germany,8/10/2022,22
5141,32.63,Denmark,9/16/2022,4
2521,71.54,United States,7/25/2022,12
2391,96.63,United States,10/21/2022,9
6357,67.75,Canada,10/16/2022,19
1583,83.52,United States,10/5/2022,16
6280,7.0,Canada,5/16/2022,34
1628,8.2,Denmark,5/8/2022,35
7300,27.43,Japan,10/24/2022,19
6510,12.97,Canada,10/27/2022,7
4066,4.05,Germany,11/20/2022,40
2653,40.68,Germany,5/10/2022,40
4452,96.3,Japan,11/24/2022,21
6854,10.51,Japan,12/21/2022,39
5141,77.75,Canada,2/7/2022,12
4625,28.56,Denmark,3/17/2022,17
5733,13.97,United States,6/20/2022,24
4902,98.4,Germany,6/30/2022,26
2326,39.52,Canada,4/4/2022,2
6819,9.29,United States,11/30/2022,18
3338,50.35,Canada,3/22/2022,21
2306,99.46,Canada,3/22/2022,29
6360,87.8,Japan,10/2/2022,2
5188,25.92,Japan,3/17/2022,10
6501,16.18,Germany,9/5/2022,35
4546,93.04,Canada,10/10/2022,20
7470,56.31,Denmark,11/19/2022,23
7283,94.85,Denmark,1/26/2022,5
4861,67.48,United States,10/14/2022,14
5152,9.27,Denmark,6/1/2022,10
3448,50.38,United States,8/17/2022,25
1389,73.39,United States,12/11/2022,38
1608,23.16,Canada,5/10/2022,27
4962,80.91,United States,5/9/2022,1
5520,29.01,Denmark,3/11/2022,3
4794,49.5,United States,10/6/2022,19
4706,75.43,United States,12/28/2022,35
5785,75.77,Japan,4/16/2022,16
4916,78.68,United States,9/8/2022,15
7453,20.04,Denmark,10/18/2022,27
3655,57.68,United States,9/28/2022,13
4007,98.59,Denmark,3/28/2022,9
4079,66.22,United States,12/1/2022,7
3054,23.36,United States,2/25/2022,35
6674,66.51,Germany,6/8/2022,13
2732,87.59,Germany,5/31/2022,36
1085,22.22,United States,10/18/2022,12
1052,89.95,Canada,11/27/2022,40
6308,60.11,Denmark,1/20/2022,9
6381,87.81,Denmark,6/20/2022,13
6740,15.56,United States,8/9/2022,3
3367,89.52,Canada,6/1/2022,2
2679,94.35,Canada,1/11/2022,10
7009,15.81,Canada,7/7/2022,25
7005,51.27,Canada,6/26/2022,24
5506,39.67,Denmark,6/6/2022,9
4266,42.66,United States,7/31/2022,21
4600,95.84,Canada,5/12/2022,37
6699,73.33,Canada,4/9/2022,13
3034,70.47,United States,4/10/2022,7
7215,69.47,Germany,2/25/2022,19
6927,88.11,United States,10/21/2022,35
7181,15.15,United States,6/3/2022,29
1991,45.82,Denmark,10/1/2022,23
2039,25.04,United States,1/7/2022,24
1252,32.87,United States,8/10/2022,18
5512,69.51,Canada,11/16/2022,24
4040,42.37,Japan,11/4/2022,38
3810,91.73,Canada,7/4/2022,14
1282,85.28,United States,11/19/2022,18
1449,49.86,Canada,6/17/2022,30
5127,46.42,Canada,11/17/2022,4
4469,30.34,Canada,8/7/2022,33
4774,73.73,United States,7/25/2022,37
3341,92.64,Denmark,1/18/2022,40
5117,15.99,Denmark,1/15/2022,8
3593,16.78,United States,10/24/2022,17
3435,35.44,Canada,7/1/2022,20
5370,99.66,Canada,11/25/2022,18
4696,60.99,Germany,11/6/2022,3
1588,40.54,United States,2/10/2022,26
2528,55.4,Canada,1/6/2022,19
5928,55.68,Denmark,10/25/2022,36
5211,87.38,Denmark,8/14/2022,36
6920,37.42,United States,10/8/2022,2
7122,36.85,United States,4/23/2022,20
5407,54.1,Canada,4/29/2022,6
4781,39.63,Canada,7/24/2022,28
7199,92.82,Canada,7/17/2022,7
6514,25.91,Germany,11/16/2022,24
6294,85.45,Canada,9/1/2022,29
2906,75.05,United States,8/8/2022,39
5855,45.37,United States,5/28/2022,11
1801,85.53,Germany,5/28/2022,24
4567,47.05,United States,1/25/2022,25
3546,23.57,Canada,7/13/2022,16
6513,23.35,Canada,3/7/2022,18
3333,27.63,Germany,6/22/2022,7
5061,85.0,United States,10/18/2022,26
2768,62.84,Canada,1/27/2022,8
5994,17.97,Germany,1/10/2022,27
